MaintenanceFrequency,RotatingPartsSpeed, Status
90,266.179349,defective
120,188.4835046,operational
30,352.579652,defective
90,257.8227519,operational
90,220.9874032,defective
120,300.8026709,operational
30,288.0410667,operational
30,341.1552488,operational
90,344.620541,operational
60,304.7810223,operational
90,255.7592029,operational
90,314.3470631,operational
90,308.259719,operational
90,328.4468337,operational
120,256.2596643,operational
30,279.9813563,defective
120,325.4689058,operational
120,362.3663528,defective
120,348.2961004,operational
90,304.1027436,operational
60,275.6302488,operational
30,320.1910279,operational
60,245.4304781,operational
120,259.149928,operational
120,375.4885656,operational
60,320.101724,defective
60,282.6236633,operational
60,341.4569342,operational
120,364.3487482,operational
120,277.7681221,operational
30,278.6296029,operational
30,272.3677113,operational
120,348.1925159,operational
60,348.6778724,operational
60,369.2951661,operational
30,350.4301475,defective
120,218.389096,defective
30,314.048216,operational
30,247.0807299,operational
90,274.3542813,operational
90,308.5297102,defective
90,341.7782699,operational
60,255.4578329,operational
120,183.7640169,operational
120,309.0265421,operational
120,432.1785792,operational
120,289.857689,operational
90,302.3457717,operational
60,389.1081809,operational
60,329.513731,operational
90,310.8430518,operational
60,322.1058333,operational
90,312.5121966,operational
120,243.0122786,defective
90,232.9277421,operational
120,394.3414056,operational
120,309.1941676,operational
30,305.0047721,operational
90,295.4886168,operational
30,339.0536634,operational
90,426.9345551,defective
90,326.1976334,operational
30,270.5956587,operational
30,293.3299571,operational
90,353.5498234,operational
60,270.8599699,operational
120,342.6123245,operational
30,183.9631313,operational
120,288.5060214,operational
60,331.4070007,operational
60,363.5062773,operational
60,259.0762891,operational
30,224.8617491,operational
60,286.9632418,defective
30,243.7290496,operational
60,292.5481667,operational
120,299.6673273,operational
120,234.0427477,operational
90,340.2219555,operational
120,292.1393053,operational
90,354.0229935,defective
120,207.754738,operational
30,249.1403915,operational
120,325.8334654,operational
90,260.0444715,defective
90,291.7732171,operational
60,300.0349559,operational
30,307.912799,operational
120,266.1216894,operational
60,307.4643282,operational
120,260.8728147,operational
120,333.7140234,operational
60,294.257799,operational
60,307.7518312,operational
60,428.496342,operational
60,244.6447773,operational
60,369.4291135,defective
120,167.0324321,defective
60,196.0811673,operational
30,237.9679961,defective
90,241.1235817,operational
60,310.1850899,operational
60,314.4921132,operational
120,287.2589366,operational
60,292.5061017,operational
60,326.388238,operational
60,341.6611939,operational
120,233.6730492,operational
60,281.9054514,operational
90,296.5205089,operational
120,324.2657998,operational
90,261.3666429,operational
120,295.5389412,defective
60,301.4991817,defective
90,264.7764948,operational
120,263.5842425,defective
30,304.9372889,operational
60,293.4827427,defective
120,325.023876,operational
30,247.337064,operational
120,282.4659236,operational
30,288.5391974,operational
60,340.6931954,operational
90,252.9793113,operational
30,311.7326003,operational
120,312.6377754,operational
60,382.3198621,operational
30,249.6455318,defective
120,267.1383341,operational
120,253.1322159,operational
120,216.5110414,operational
30,388.2343467,operational
30,237.9249385,operational
30,259.1847295,defective
90,365.7883254,operational
30,212.3446477,operational
30,337.8175785,defective
30,229.3487827,operational
90,362.3347368,operational
30,191.5061156,operational
120,212.3265292,operational
30,272.7538883,operational
120,348.5911345,operational
120,298.4520875,operational
120,283.2142464,defective
90,367.3022104,operational
90,407.7619769,operational
90,333.6128642,operational
30,268.8572748,operational
120,279.0928483,operational
90,235.577631,operational
90,305.0408711,defective
30,218.5203507,operational
90,327.5931828,operational
30,400.2787023,operational
60,335.879579,operational
90,276.542614,operational
60,326.3468706,operational
30,381.0266723,operational
120,378.5247318,operational
90,249.8121054,defective
30,325.5148195,defective
120,292.0949255,operational
120,340.3296624,defective
60,319.1806977,operational
30,181.5139295,defective
120,282.5993457,operational
90,309.9279181,defective
90,228.2817516,defective
60,329.0511005,operational
120,223.7992379,defective
30,260.0780476,operational
90,367.065596,operational
120,255.8111106,operational
120,328.698348,operational
60,212.3213141,operational
90,404.0657328,operational
90,284.7723181,defective
30,304.7660403,operational
90,308.9518398,operational
30,330.3783432,defective
90,224.0410009,defective
60,299.7331765,defective
90,267.0615587,operational
30,215.5221387,defective
30,349.35611,operational
60,282.3913508,operational
90,312.1260213,operational
90,308.9922709,operational
60,283.2573864,operational
90,398.7513677,operational
90,297.6367674,operational
30,222.1023841,operational
90,279.980932,operational
90,324.986881,operational
60,326.6297555,operational
60,245.6109532,operational
120,346.4741254,operational
30,211.8566536,operational
90,357.2067601,defective
90,234.0326055,operational
120,288.687739,operational
90,353.2284339,operational
30,305.9802834,operational
120,340.8349259,defective
30,330.933098,operational
120,364.3134307,operational
120,353.1104925,operational
60,277.3127846,operational
30,331.6470817,operational
90,223.6724069,operational
90,297.1047546,operational
30,340.9242367,operational
90,306.6923827,operational
90,322.3319866,defective
30,289.3363812,defective
120,356.4534719,operational
30,295.9792113,operational
120,276.7274909,operational
90,344.3258706,operational
90,229.7420039,operational
90,325.0516672,defective
60,247.8757563,defective
120,363.8963415,operational
60,286.9486373,operational
60,306.749236,operational
30,320.6285198,operational
60,203.5157702,operational
30,267.4707579,operational
30,352.1772955,operational
60,343.3882512,operational
120,314.1516103,operational
120,232.5268214,defective
120,329.275173,operational
120,335.6699795,operational
120,302.3508607,operational
60,361.1585475,operational
60,265.8284105,operational
90,274.5071211,operational
120,175.769421,defective
60,345.9913755,operational
90,315.6930982,defective
120,215.9089837,operational
30,212.07005,operational
90,256.3684686,operational
60,339.6828971,operational
30,284.9819756,operational
30,259.7606542,operational
30,249.6942053,operational
90,247.4544021,defective
60,203.3160849,defective
30,239.6302084,defective
120,246.471096,operational
30,334.1311618,operational
30,291.7138473,operational
90,258.7207578,operational
90,415.4861378,operational
60,266.8051543,operational
120,358.3551457,operational
90,381.0554279,operational
30,221.5019831,defective
60,303.6981482,operational
30,274.1233175,operational
30,270.0537802,operational
90,327.7688408,defective
60,268.8564752,operational
120,275.2015477,operational
120,291.5942552,defective
90,281.3300366,defective
90,241.3214896,operational
60,339.7953252,operational
120,352.4265469,operational
120,317.1809295,operational
120,281.1723674,operational
30,264.7394632,defective
120,264.8189969,operational
30,417.8688183,operational
60,346.8919151,operational
30,257.9944961,operational
60,308.2348914,operational
120,281.8732487,operational
120,329.1900188,operational
60,327.1749551,operational
90,354.1804827,operational
60,257.4721771,operational
90,305.2367649,defective
30,212.5726508,operational
30,237.132985,operational
30,344.2050418,operational
120,252.4658104,operational
30,257.9545601,operational
90,299.5860963,operational
30,334.7380515,defective
60,246.9586602,operational
60,125.9595586,operational
120,256.4888379,operational
60,360.2814039,defective
90,317.1567526,operational
30,366.1937402,operational
120,243.4091929,operational
30,218.0301866,operational
30,323.1274276,defective
90,312.0011369,operational
60,315.277716,operational
60,346.6498321,defective
30,321.0842462,defective
120,320.2808797,defective
60,335.7503507,operational
120,325.1208316,operational
60,342.8722966,operational
120,350.4260412,operational
90,376.5844401,operational
120,267.5404338,operational
90,324.0281054,operational
90,281.4838316,operational
120,258.3220506,operational
90,265.5229839,operational
30,324.7477759,defective
90,320.9126277,operational
60,320.0206015,operational
120,288.7143176,operational
30,300.1707376,operational
120,340.8876348,operational
60,225.530347,operational
60,301.2321049,operational
60,304.4978074,operational
90,337.6652135,operational
90,232.4875794,operational
120,374.7566873,defective
120,310.6815212,defective
30,313.3290273,operational
30,279.9310121,operational
120,326.9011177,operational
90,302.3977025,defective
60,360.4490972,operational
120,227.9252876,operational
30,308.7772915,defective
90,320.4256174,operational
120,290.6813803,defective
120,279.7667088,operational
90,281.8521361,operational
120,308.7319635,operational
90,209.502055,defective
60,348.2507481,defective
90,275.9934066,operational
90,306.3901349,operational
90,318.3551133,operational
120,273.7097306,defective
120,293.4480797,operational
90,198.237988,operational
120,336.6061804,operational
30,354.00345,operational
30,214.9503224,operational
120,279.6753562,operational
120,238.5065311,operational
90,291.1129839,defective
60,332.4318167,operational
120,349.365445,operational
30,356.0926595,defective
90,365.5271912,operational
120,288.8793611,operational
30,242.6520686,operational
30,294.270485,defective
60,331.6633751,operational
90,238.637011,defective
90,383.0068477,operational
60,344.8944269,operational
60,289.6716416,operational
90,264.4564035,defective
90,266.5439459,operational
120,303.7103107,defective
120,288.5298699,operational
60,347.5251378,operational
120,282.8512086,operational
30,325.2750905,defective
120,298.5537558,operational
120,313.4834679,operational
30,288.4971782,operational
60,335.3857771,defective
30,336.127004,operational
120,322.9964513,operational
60,330.3757164,operational
120,252.7815611,operational
30,316.1622881,operational
30,362.4600884,defective
120,324.5702284,defective
90,248.4641249,operational
90,297.5116745,operational
30,318.7488969,operational
30,262.1300242,operational
90,232.0864402,operational
90,284.1951066,operational
120,262.9583796,operational
120,299.2855484,operational
90,220.4297676,operational
120,328.2350531,operational
120,268.2697482,operational
60,349.7876118,operational
120,286.155058,operational
30,298.7305477,operational
120,291.3482561,operational
120,265.5920155,operational
90,423.6139731,operational
30,275.2066911,operational
120,351.1760761,operational
120,245.3185527,defective
60,318.6065696,operational
120,323.9436082,operational
120,298.7911511,operational
60,271.449764,operational
90,286.8339049,operational
120,279.8355249,operational
60,420.1013141,operational
30,298.8698455,operational
90,326.2444389,operational
30,389.0812545,operational
30,256.1840666,defective
60,301.8830117,operational
120,286.5406934,operational
60,295.6930777,operational
60,291.0494016,defective
60,263.4061457,operational
60,309.7705142,operational
90,246.8683611,operational
120,349.4441369,operational
30,331.1654903,operational
30,275.3268592,operational
120,277.7508339,operational
30,313.7755281,operational
120,260.0727342,operational
30,390.5990062,operational
60,317.8962864,operational
30,319.6631576,operational
120,334.072254,operational
120,271.0268363,defective
120,354.4504991,operational
120,305.7266683,operational
120,347.5072735,operational
90,290.1023437,defective
90,365.8639113,operational
30,320.0671814,operational
120,409.1253512,operational
30,281.5239192,operational
120,310.2274698,operational
120,248.4211877,operational
90,273.5350881,operational
90,330.9343274,defective
60,356.4662219,operational
90,448.2505176,operational
60,295.1685547,operational
60,253.3393296,operational
60,337.666288,operational
60,243.608639,operational
60,328.2138694,operational
30,274.8872142,defective
90,310.5797485,defective
60,354.5523051,operational
120,294.4633285,operational
90,346.6439542,defective
90,343.6579274,operational
60,206.7834236,defective
30,254.9199627,operational
60,221.9096569,operational
30,400.0868551,operational
120,294.7304037,operational
90,389.0414606,operational
120,218.352386,operational
30,271.3615788,operational
30,340.0249121,operational
120,308.9637302,operational
30,326.6429946,defective
120,237.3095883,operational
90,368.8401746,defective
120,338.8508048,operational
90,320.0812753,operational
120,265.7194859,defective
30,316.1900064,operational
120,285.4255011,operational
30,217.4754395,operational
120,297.4788574,operational
120,292.1634801,operational
60,353.1200755,defective
30,188.2786779,operational
60,311.7599914,operational
30,242.2215976,operational
60,315.9611671,operational
90,318.7140028,operational
120,295.6577611,operational
30,340.3646562,operational
30,237.711697,operational
120,355.3860225,operational
30,264.5960567,operational
30,222.2050675,operational
60,286.3802015,operational
30,195.2421239,defective
90,312.7086946,operational
90,287.0374779,operational
120,361.6843461,operational
30,332.4462105,operational
120,230.4001831,operational
90,258.0806254,operational
30,326.033221,operational
30,342.3539505,operational
120,361.1250457,operational
90,360.7254643,operational
30,295.5238695,operational
120,318.1327811,operational
90,364.9369252,defective
120,284.8345769,defective
60,318.9863093,defective
30,283.655961,defective
60,272.4525943,defective
90,302.4192559,operational
60,265.6228274,operational
60,293.4542014,operational
90,248.2522568,operational
120,290.5002806,operational
60,322.4195147,operational
120,270.5618232,operational
60,300.4645876,operational
120,306.9671297,defective
90,322.6267446,operational
60,293.3210079,operational
90,354.2933171,operational
60,194.9540569,operational
90,446.8876424,defective
90,256.4433118,operational
60,320.1695012,operational
60,253.0766045,operational
60,332.213408,operational
30,313.8284576,operational
120,267.4643231,operational
30,353.6543673,operational
30,291.801956,operational
90,327.3607969,operational
60,254.1420097,defective
120,298.4556182,operational
90,400.1703634,defective
30,348.1482765,operational
60,315.3810378,operational
90,277.5539586,operational
60,303.3749268,operational
90,309.8782995,operational
60,322.4614217,operational
30,246.1669746,operational
120,333.420398,defective
30,245.5203451,operational
120,381.5562926,operational
60,261.4185839,operational
90,314.831416,operational
30,350.2571287,operational
120,287.3809978,operational
30,317.030001,operational
120,371.7590775,operational
30,328.2201494,operational
120,317.7775315,operational
120,215.7607303,defective
60,253.3138874,defective
120,352.3460064,operational
60,328.4975153,operational
120,336.0733137,operational
90,331.7698466,operational
90,364.4878264,operational
90,286.9300038,operational
120,306.0249979,operational
60,248.5662833,operational
60,236.0988708,operational
120,217.8129642,defective
90,255.7418251,operational
90,377.6280908,operational
60,222.3636466,defective
90,284.8232007,defective
30,235.3427338,operational
60,269.9513018,operational
90,308.4846896,operational
60,264.9942063,defective
30,354.4832433,defective
60,376.698906,operational
60,187.5452136,operational
60,265.8503835,operational
60,302.9571061,operational
30,356.3058513,operational
120,277.2877862,defective
60,299.0032302,operational
60,242.1627887,defective
90,223.3602074,defective
60,372.2692345,operational
90,208.7965063,operational
120,416.4309504,operational
30,336.25757,operational
30,333.9986538,operational
120,328.7734334,operational
30,287.3657156,operational
120,319.6042265,operational
120,290.5551656,operational
120,327.6536638,operational
30,298.3156737,operational
90,252.4825908,operational
120,256.4713692,operational
60,250.7863812,operational
30,348.5450366,operational
120,269.1276694,operational
120,204.3948419,operational
60,319.8419333,operational
90,375.7258781,defective
90,338.6541595,operational
90,269.8338217,operational
120,220.6594142,operational
120,293.2865948,operational
120,292.0388061,operational
30,251.5400195,operational
60,327.5518651,operational
120,392.331325,operational
60,311.1141359,operational
60,308.0238103,operational
90,253.1385976,operational
30,369.8707352,defective
120,296.2427917,operational
90,271.0518372,operational
90,303.1844197,operational
120,323.5980667,operational
60,306.9607704,operational
90,360.3076698,operational
60,319.1985776,operational
30,285.8029095,operational
60,320.0596108,operational
30,324.9818551,operational
60,235.181204,defective
90,357.4709864,operational
90,284.954799,operational
30,286.2338388,operational
120,337.5687994,operational
30,337.3582612,operational
30,264.9584161,operational
60,340.1450809,operational
60,271.9775924,operational
30,390.9786523,operational
90,258.5903009,operational
60,311.9738731,defective
120,260.8991182,operational
60,411.1347815,operational
60,238.1089528,operational
120,326.2181374,operational
30,263.2544793,operational
120,282.2946179,operational
30,322.6768917,operational
30,361.2292219,operational
30,381.1698281,operational
120,223.152602,operational
30,313.3875612,operational
90,372.9746802,operational
120,215.7344531,operational
90,315.7191747,operational
30,299.8958101,defective
60,320.7270907,defective
30,261.3847987,defective
90,228.2190586,operational
90,204.3446787,operational
120,348.8191977,operational
60,355.2024568,operational
120,315.1342674,operational
90,273.2925825,defective
30,218.8477053,defective
60,328.1672731,operational
30,244.9610359,operational
30,264.4350688,operational
60,270.671796,defective
120,290.1232387,defective
30,262.0479776,operational
90,301.6729385,operational
30,268.909085,defective
60,335.0686532,operational
60,351.5531457,operational
60,305.4271338,defective
120,323.1313168,operational
30,405.8927975,operational
120,241.3698372,operational
120,238.3265949,operational
60,334.749895,defective
60,397.3271419,operational
120,286.9750719,defective
30,386.3416921,operational
90,304.8216859,operational
120,265.9556359,operational
30,250.4653806,operational
60,331.4706792,operational
60,254.2520466,operational
30,304.0638421,operational
90,379.1732513,operational
60,284.6609804,operational
60,365.7004737,operational
60,239.2728255,operational
30,273.3045449,operational
120,229.6427987,operational
60,303.6498378,operational
120,339.003909,operational
90,303.7593544,operational
60,361.352503,defective
60,262.541038,operational
90,311.2671377,operational
60,273.6265338,operational
120,318.0838293,operational
30,325.1868023,operational
120,329.119798,operational
30,246.4702831,operational
30,255.5126949,defective
120,264.7856146,operational
120,288.0559626,operational
120,304.3593202,operational
120,335.4044561,operational
90,257.595065,operational
60,219.9490351,operational
30,407.7871582,operational
120,243.427349,defective
120,341.8161861,operational
120,301.5633439,defective
90,312.565282,operational
120,299.9224747,operational
120,280.7579059,operational
120,323.1986141,defective
60,278.0706397,operational
90,358.3151374,operational
120,328.4220503,operational
30,329.9797057,operational
30,274.643847,operational
30,288.1822631,operational
90,240.6043596,operational
90,282.3491972,operational
30,248.1712042,operational
120,365.6534258,operational
90,302.5267908,operational
30,308.5248618,defective
30,288.7426736,operational
120,309.8789461,operational
60,423.2438818,operational
90,284.9929858,operational
120,267.4793483,operational
30,326.4846566,defective
30,173.7140683,operational
120,303.1978393,operational
90,281.4143548,operational
60,250.3843367,operational
60,325.3878835,operational
30,302.6994209,defective
90,209.8795546,operational
60,267.6735239,operational
90,155.5864397,operational
90,314.6634657,operational
30,314.1649709,operational
60,260.3359053,operational
120,327.0056356,operational
30,235.8750689,operational
60,251.6741487,operational
60,320.8595232,defective
60,265.5666623,operational
60,296.8671522,operational
60,271.8175486,operational
90,279.4534422,operational
30,281.6387892,operational
90,264.6621621,operational
120,315.1224857,operational
60,268.6035757,operational
30,300.7843357,operational
60,263.5634159,operational
30,223.2850687,defective
90,345.6217625,operational
30,324.9763493,operational
120,414.4341034,operational
120,247.801358,operational
30,289.5519756,operational
30,293.574626,defective
30,349.4684719,defective
30,274.6446053,operational
120,241.4479073,defective
60,360.3904654,defective
30,284.1674985,defective
30,343.9321755,defective
120,338.10992,operational
120,298.5054763,operational
90,291.2843147,operational
30,280.4217597,operational
90,299.2403436,defective
120,343.1550113,operational
120,260.1779909,operational
60,305.4422815,defective
30,244.0684286,defective
90,250.2946883,defective
120,298.4530501,operational
120,201.9920996,operational
90,403.0279308,operational
60,240.3470023,operational
120,297.9955744,operational
30,358.4108861,operational
120,256.8547331,operational
30,184.8651505,operational
90,277.752712,operational
30,256.258981,operational
90,186.1813246,operational
30,314.2444946,operational
90,310.3546931,operational
30,357.1163227,operational
60,243.9588817,operational
30,220.0431757,operational
30,279.6638458,defective
60,295.582867,operational
120,346.0674801,operational
120,370.5284003,operational
30,360.7239567,defective
60,313.8271833,operational
30,339.9749627,operational
90,267.9753283,defective
90,308.4197596,operational
30,240.435493,operational
120,303.1342698,operational
120,304.4323349,operational
30,386.1064303,operational
30,288.5508569,operational
90,304.5021419,defective
120,311.8480708,defective
30,277.2589842,operational
90,259.8753633,operational
120,364.9405662,operational
60,250.9541279,defective
90,233.6040964,defective
120,334.013269,operational
120,357.8907421,defective
90,277.4295171,operational
60,278.1973256,operational
90,314.1271763,operational
120,264.6073662,operational
30,260.914374,operational
30,343.9796294,operational
90,330.356555,operational
120,365.5579443,defective
30,237.3705494,operational
120,274.8768757,operational
90,314.0589781,operational
30,253.7189575,operational
120,332.0843719,operational
30,361.2313544,operational
90,270.8321014,operational
120,301.929597,operational
30,372.7809345,operational
90,389.9635788,operational
30,337.2900626,operational
30,329.6714587,operational
60,257.3131733,operational
60,317.96047,defective
90,327.841042,operational
60,289.4814921,operational
90,270.2611873,operational
60,235.9351163,operational
30,213.1135122,operational
90,202.6058243,defective
90,328.9721286,defective
30,307.3849663,defective
90,275.8094434,operational
90,283.4271851,operational
60,310.5235271,operational
90,291.7718464,operational
120,232.972341,operational
30,345.650011,operational
60,315.2063085,defective
60,313.294924,operational
120,341.8781352,operational
30,259.3177322,operational
30,360.6865719,operational
60,292.9978574,operational
90,344.429944,operational
60,336.7224517,operational
30,248.0599086,operational
120,325.1450202,defective
60,316.3137335,defective
30,301.5155829,operational
60,295.2814125,operational
90,295.7053375,defective
60,340.6344713,defective
60,328.8955257,operational
30,301.5239425,operational
30,225.4031927,operational
30,324.7221707,defective
60,336.180681,defective
90,415.0205043,operational
120,353.7716532,defective
120,205.0411806,operational
30,303.92147,defective
30,390.5687514,operational
60,331.1774428,defective
120,316.432608,operational
30,345.0114329,operational
90,268.8810903,operational
90,323.9044998,defective
30,287.4765981,defective
30,299.0188257,defective
120,341.4227258,defective
120,253.6643449,operational
60,364.3991237,operational
120,278.8594019,operational
90,313.0331417,operational
90,229.974602,operational
30,335.9918645,operational
120,372.3251968,operational
60,274.2679225,operational
90,244.4888307,operational
90,313.8991532,operational
60,372.7405322,defective
60,227.5071717,operational
90,244.6845909,defective
90,277.2905221,operational
60,258.9828088,operational
90,259.1407267,operational
30,195.2939686,operational
30,329.4528474,operational
60,316.9360251,operational
120,215.05754,operational
60,372.859788,operational
60,384.0546157,operational
120,262.4547225,operational
120,358.3274295,operational
120,271.3501098,operational
30,309.0558255,defective
90,258.2118932,operational
30,410.7125762,operational
90,285.1991386,defective
30,306.3224511,operational
90,265.6031306,operational
30,393.0657799,operational
120,394.3307323,operational
60,381.5464591,operational
30,347.8220174,defective
90,268.7605227,operational
120,341.3925048,operational
30,299.6478601,operational
30,365.6204311,operational
120,355.7951027,operational
30,267.5367211,operational
60,347.3912901,operational
30,334.1017225,operational
60,161.3218569,operational
60,340.046832,operational
120,278.4102106,defective
30,255.6978773,operational
120,257.8369698,operational
30,293.2378552,operational
30,324.002979,operational
90,231.7268989,operational
30,309.4923918,operational
120,328.8379033,operational
60,393.0902892,defective
30,246.1654915,operational
90,282.5193907,operational
120,313.0831486,defective
30,357.3704665,defective
120,284.7888059,defective
90,359.9320686,operational
90,203.1318842,operational
120,237.3325903,operational
30,317.4322172,operational
60,229.4587751,operational
90,241.2764737,operational
30,273.6111568,defective
30,338.5719496,operational
60,205.2017579,defective
90,308.5149181,operational
90,351.6481974,operational
30,290.2527396,operational
30,281.5584885,operational
60,320.0885641,operational
60,290.3944474,operational
90,369.5249891,defective
120,244.4293494,operational
90,297.4177922,operational
30,310.2843187,operational
90,281.0772974,operational
120,156.4358669,operational
60,291.9547546,operational
120,345.0088493,operational
120,338.9054593,operational
120,317.7389241,operational
60,245.1068821,operational
120,319.7654731,operational
120,271.3281089,operational
120,317.6741453,operational
30,306.0752506,operational
120,251.1812364,operational
60,255.377208,defective
120,317.7511227,operational
120,288.9443452,defective
60,257.9859285,defective
120,253.8584905,operational
60,284.8084576,operational
120,378.4052397,operational
60,273.6960984,operational
120,299.2990231,operational
120,305.0822144,operational
30,243.4486804,operational
30,211.8583758,defective
120,248.6679633,operational
120,312.3538689,operational
90,304.3665529,operational
60,335.1203285,operational
90,304.8374947,operational
30,294.5225354,defective
30,269.7993863,operational
30,344.2303395,operational
30,254.0409931,operational
120,244.4800241,defective
30,328.3527759,operational
120,233.3421345,operational
120,420.7395499,operational
30,303.999669,operational
30,317.3953058,operational
60,259.5790088,operational
90,284.2367578,operational
30,278.6621442,operational
60,272.9082506,defective
60,331.6480876,operational
90,277.5211981,operational
120,350.8750615,operational
30,433.1591175,operational
90,285.222938,defective
30,307.6157757,operational
60,318.9741029,operational
60,390.5752406,operational
120,295.8676107,operational
60,258.549154,operational
60,236.6829747,operational
90,297.1008026,operational
30,277.580989,defective
30,400.5004645,operational
90,388.493121,operational
120,248.2813586,defective
30,264.4619948,operational
60,303.6885054,operational
30,369.8613211,operational
60,302.8506568,operational
120,267.6379681,operational
90,297.0559095,operational
30,268.5757568,defective
90,330.1238605,operational
30,264.5483144,operational
60,274.4781974,operational
90,358.0966907,operational
30,261.5817526,operational
60,227.6935984,operational
90,304.7496876,defective
90,281.9763298,operational
30,325.570775,operational
30,315.8735967,operational
30,298.4040753,operational
60,296.9478287,operational
30,263.2070775,operational
90,304.1673535,operational
90,344.0642391,operational
30,251.3276629,operational
30,299.7301312,operational
120,351.9194378,operational
90,325.2712047,defective
60,365.4736448,operational
120,271.5928835,operational
30,208.4615776,operational
30,310.0325902,operational
90,318.1285408,operational
30,368.4210977,operational
60,359.4072867,operational
90,326.8371812,defective
30,338.2695107,operational
90,290.4089271,operational
30,239.0442694,operational
30,305.8860609,defective
30,349.1286732,operational
60,332.8180435,operational
60,341.690367,operational
90,278.6122156,operational
30,286.7226581,operational
30,324.1712744,defective
60,272.6746303,operational
30,274.2141465,defective
60,314.8991118,operational
30,338.0452372,operational
90,290.0235663,operational
30,241.8405269,operational
30,263.2098042,defective
120,310.1836042,defective
60,309.5760482,defective
30,312.0619069,operational
30,326.0647645,operational
120,300.2905279,operational
120,313.2528022,defective
60,297.7486589,operational
120,357.4366741,operational
90,371.6171016,operational
120,240.5494359,operational
90,287.2374029,defective
60,301.6362246,operational
60,286.6542644,operational
60,389.6461296,operational
60,311.1977639,operational
60,259.7314086,operational
90,329.822117,operational
90,313.5487269,defective
60,315.209646,defective
120,390.3938079,operational
30,317.5392588,operational
60,284.8169238,defective
120,202.2361787,operational
30,291.7300491,operational
60,365.2984959,operational
60,295.441544,operational
90,187.9975051,operational
30,275.0818804,defective
30,349.6344269,operational
120,327.2908587,operational
90,258.0059552,operational
90,271.7357612,operational
90,279.464567,operational
90,266.8643114,operational
30,198.5163066,operational
30,338.179555,operational
60,362.8529978,defective
60,224.0775528,defective
90,362.1926466,operational
90,294.8488399,operational
90,361.2566174,operational
60,301.8975218,operational
120,306.7772296,operational
120,318.6217323,operational
60,260.4966837,operational
60,359.7337072,defective
60,243.9309681,defective
60,279.8966628,defective
60,326.2132339,operational
60,274.540238,operational
90,338.876562,operational
90,368.7933087,operational
90,350.6273001,operational
90,203.1942343,operational
60,306.2923485,operational
120,351.4341305,defective
30,234.1625577,operational
60,336.1805294,operational
30,333.3730391,operational
120,239.3955054,operational
90,341.7116333,operational
120,313.6348897,operational
60,332.5190894,operational
90,251.6843807,operational
60,307.5068058,operational
90,214.7560723,operational
30,186.1504396,operational
30,307.0414213,defective
30,355.0298803,operational
120,312.6468407,operational
60,296.8276968,operational
120,290.623294,defective
30,252.8717304,defective
60,288.9069548,operational
30,321.0842234,operational
120,278.2388884,defective
120,337.5293427,operational
120,309.7987517,operational
30,315.8489709,operational
60,344.4331377,defective
60,273.6622284,defective
30,332.9690293,operational
60,280.6761641,operational
30,316.9757242,operational
60,267.7114325,operational
90,254.4648088,defective
90,304.5932373,operational
120,205.7399974,operational
90,285.1866278,operational
90,219.6811497,operational
90,338.9617017,operational
30,352.5055298,operational
90,256.8024389,operational
90,321.4156481,operational
120,344.9567857,operational
90,345.1234611,operational
90,310.7225417,operational
60,336.7152338,defective
120,267.5334344,defective
120,304.1561233,defective
120,276.6448297,operational
120,263.3106013,defective
120,301.8031696,operational
120,317.3765188,operational
30,358.1754384,operational
90,313.2577764,operational
120,332.0965267,operational
90,332.6641587,operational
90,434.3767183,operational
30,209.4983798,operational
120,265.6033067,operational
60,373.7028026,operational
30,282.3993463,operational
60,344.2901569,defective
90,311.5004762,defective
90,405.2601201,operational
30,244.3472786,operational
30,361.0900276,operational
60,387.4790653,defective
120,249.2790561,operational
60,339.1435122,operational
30,251.7251007,operational
60,301.5080786,operational
30,287.1706035,operational
60,179.8623033,defective
30,321.211713,operational
30,307.1669584,operational
30,373.9539487,defective
120,330.5571827,defective
60,414.5441962,operational
60,305.3521191,operational
60,294.7234974,operational
30,290.7821675,defective
60,278.0205644,operational
60,189.6124542,defective
30,288.9902686,operational
90,196.6072637,operational
30,322.6016672,operational
60,237.9969854,operational
30,255.2833688,operational
90,266.5294903,operational
30,289.7532481,operational
60,300.3434127,defective
90,354.2239792,operational
120,271.1234953,operational
60,324.0073068,operational
90,436.5433617,operational
90,318.8675351,operational
120,290.9755106,operational
30,261.0424174,defective
30,290.2834227,operational
60,255.6889828,operational
120,313.4330713,operational
30,305.1772069,operational
120,191.889039,operational
30,299.0720997,defective
90,353.8073156,defective
30,280.0444074,operational
120,267.3551614,operational
90,231.1149613,operational
90,207.1003979,operational
90,341.5674634,operational
120,290.9260835,operational
60,338.6010781,operational
60,376.5661872,operational
60,346.0623842,operational
120,272.8813839,operational
90,307.2433832,operational
60,269.2613567,operational
120,264.5855769,defective
60,317.1407581,operational
30,258.3853058,operational
60,189.542419,operational
60,255.5926052,defective
90,284.6559426,operational
120,376.0699249,operational
90,275.4531275,operational
90,325.5962046,operational
90,291.5845883,defective
90,361.3202572,operational
90,357.8548193,defective
60,358.8087553,defective
90,213.3008235,defective
90,310.3362024,operational
120,337.94693,operational
30,319.0769281,operational
60,331.8298163,operational
60,302.9175502,operational
60,262.7607897,operational
90,215.1451308,operational
90,267.7215286,operational
90,433.9054937,defective
120,275.7174412,operational
30,202.0304887,defective
90,336.632468,operational
30,342.7730004,defective
120,364.3662195,operational
60,323.5489252,operational
90,342.2800757,defective
30,392.0108567,operational
30,262.7263254,defective
90,252.8074647,operational
60,245.270673,operational
60,286.7115207,operational
60,371.671121,operational
120,326.4034184,operational
30,324.4345976,operational
30,209.0346036,operational
30,265.3406586,operational
120,208.2171184,defective
30,358.5622895,defective
120,379.2823246,operational
60,338.9783364,operational
90,250.6606977,operational
30,374.1011247,operational
30,287.3372545,defective
60,239.277036,defective
90,251.7797873,operational
120,278.4921682,operational
90,302.478926,operational
60,291.9327894,defective
60,229.3665791,operational
90,360.6658205,operational
120,292.469704,operational
120,264.3123072,operational
30,355.5151181,operational
120,240.8296906,defective
90,218.5554908,operational
60,363.6243723,operational
30,394.5693925,operational
30,276.8951991,operational
60,297.7014996,operational
120,242.6667643,operational
60,300.2746275,operational
120,276.2147368,operational
60,294.893578,operational
90,320.4629194,operational
120,245.0927261,defective
90,281.909433,operational
30,209.8109289,operational
60,282.2506358,operational
30,295.3282965,operational
30,311.4491213,operational
30,311.978827,operational
30,345.1961375,operational
60,223.016674,operational
30,225.6861485,operational
60,326.4478968,defective
60,198.0519361,defective
90,309.1650106,operational
120,240.985353,operational
120,378.640732,defective
60,312.5226204,defective
90,289.042199,operational
60,361.3860439,operational
60,246.8298997,operational
60,256.3295183,operational
90,236.9272583,operational
120,256.7480387,operational
90,303.0557805,operational
30,324.6975936,operational
90,348.0710843,operational
90,208.7637977,operational
90,291.4068507,operational
90,244.5917734,operational
120,289.7356454,operational
30,416.708179,defective
120,314.5930881,operational
120,344.9732486,operational
90,398.0345636,operational
60,356.3679122,operational
60,277.604276,defective
120,236.2083957,operational
120,298.4927865,operational
90,271.6147108,operational
120,223.7739357,operational
90,312.0462499,defective
60,313.2943149,defective
60,388.455835,operational
30,281.9118466,operational
60,314.0060694,defective
120,266.7257293,defective
60,343.6584715,operational
90,293.7691102,operational
60,241.3704196,operational
30,299.3264089,defective
60,319.5261449,operational
90,312.7636694,operational
90,352.2948358,operational
120,227.5971814,operational
60,257.8628705,operational
90,331.9893666,operational
30,263.7365511,operational
120,312.0235625,operational
30,179.0127376,operational
60,435.7973286,operational
60,286.5140734,operational
60,359.697813,defective
120,283.1551087,operational
90,320.7349264,operational
120,374.5959823,operational
30,358.290301,operational
120,289.777251,operational
30,293.2372837,operational
120,350.178328,operational
90,416.6622202,operational
30,309.6141337,operational
60,397.853182,operational
60,287.9292795,operational
120,347.5980182,operational
60,355.0577881,operational
30,279.5019748,operational
60,262.646096,defective
90,357.2694594,defective
90,273.4221531,operational
120,255.2825044,operational
30,265.8020249,operational
90,273.2193331,operational
90,342.8308552,operational
30,325.7521337,defective
60,335.7829122,operational
60,321.0689906,defective
120,270.3079919,operational
60,334.8551428,operational
30,359.1226913,operational
90,329.2251608,operational
60,322.4827953,operational
120,261.6472747,operational
60,310.5908539,operational
30,258.9879335,defective
120,298.7986071,operational
60,217.986668,defective
120,218.3720799,defective
30,290.4476155,operational
90,272.5780164,operational
30,305.3393597,operational
30,293.261571,defective
30,301.5095394,operational
30,330.4303721,operational
90,276.8365522,operational
90,289.0278094,operational
120,372.7510611,operational
60,300.1542063,operational
90,291.0394763,operational
90,304.125635,defective
60,291.9317813,operational
90,264.5213854,defective
30,250.0985081,operational
30,261.828433,defective
60,343.6459593,operational
120,268.5047373,operational
120,292.2537699,operational
60,335.0368143,defective
60,286.0804415,operational
30,331.6680657,defective
120,222.9603479,defective
90,293.374166,operational
30,303.9448048,operational
60,301.1569362,operational
120,217.3540651,operational
90,360.1556323,defective
90,257.2663528,operational
30,316.7518563,operational
120,300.3982141,defective
120,350.1854762,operational
60,409.3744415,defective
120,235.4817758,operational
120,267.5543059,operational
30,309.4546247,operational
120,244.7323341,operational
90,339.1091304,operational
30,342.1686311,operational
30,327.9724538,operational
60,311.8290875,operational
120,368.4854389,operational
60,242.2187259,operational
90,303.2634098,operational
30,263.0598566,operational
30,344.4958166,operational
30,208.3329418,operational
90,298.5958067,operational
90,316.7619344,operational
60,252.6253933,operational
60,268.6904984,operational
60,300.7689491,defective
120,347.754819,operational
30,248.3565386,operational
30,257.077503,operational
60,356.2793886,operational
30,286.35123,defective
60,261.123048,operational
120,336.4342399,operational
120,275.5901501,operational
90,351.3710768,operational
120,266.8139812,operational
